{
  "timestamp": "2025-10-16T21:30:49.275217",
  "total_execution_time": 89.08424162864685,
  "symbols_tested": 4,
  "successful": 4,
  "failed": 0,
  "failed_symbols": [],
  "results": [
    {
      "total_trades": 202,
      "winning_trades": 33,
      "losing_trades": 169,
      "win_rate": 16.33663366336634,
      "initial_balance": 10000,
      "final_balance": 11916.473594286048,
      "net_profit": 1916.4735942860395,
      "profit_factor": 1.112642030954961,
      "max_drawdown": -25.362016600829723,
      "sharpe_ratio": 0.04588416005278358,
      "trades_with_ob": 118,
      "avg_conditions": 2.222772277227723,
      "trades": [
        {
          "entry_time": 